site_id,lat,lon,elev_m,dist_river_m,pop_served,base_risk,flooded_2021
0,3.5018,102.3057,38.7666,1596.9778,4313.0,0.4962,0
1,3.4867,102.3512,41.6708,895.1778,18130.0,0.3927,0
2,3.4957,102.5264,51.9747,3418.5224,2115.0,0.1386,0
3,3.4973,102.3613,57.5919,1095.5441,8557.0,0.0942,0
4,3.5127,102.3981,41.9175,3065.6367,2923.0,0.3641,0
5,3.4598,102.4274,39.4212,84.4933,17913.0,0.556,0
6,3.5206,102.4604,45.0319,3111.8481,940.0,0.2534,0
7,3.2626,102.4405,44.8319,6042.0111,15609.0,0.2339,0
8,3.5112,102.4321,27.5,0.0,2423.0,0.7542,1
9,3.4835,102.3485,43.8575,1138.6877,21957.0,0.2982,0
10,3.4595,102.4783,39.9014,4208.7924,5414.0,0.3584,0
11,3.438,102.4203,41.6224,950.7946,21849.0,0.3577,0
12,3.5348,102.4861,37.6878,5211.2242,1003.0,0.4104,0
13,3.4411,102.4103,33.6744,1659.2389,26332.0,0.5684,0
14,3.4414,102.425,40.7074,307.5631,21476.0,0.4417,0
15,3.5085,102.4104,42.9241,2209.9322,3408.0,0.3914,0
16,3.5456,102.5203,34.9017,6615.3853,2441.0,0.4592,0
17,3.5416,102.5057,46.1085,6820.4164,2332.0,0.203,0
18,3.4813,102.3499,42.5972,1424.2036,21691.0,0.3232,0
19,3.4816,102.3838,37.0633,275.4113,9561.0,0.5643,0
20,3.5123,102.4118,39.0834,1989.8031,3161.0,0.576,0
21,3.4449,102.4408,40.5351,826.2495,13004.0,0.3814,0
22,3.5138,102.4187,44.0835,1228.0283,2911.0,0.3735,0
23,3.5532,102.5327,46.8644,5840.8391,1658.0,0.1975,0
24,3.5105,102.4067,44.9578,2578.362,3232.0,0.2817,0
25,3.5066,102.3827,42.1268,1881.9462,1851.0,0.3836,0
26,3.5123,102.3148,38.6976,1085.7174,1885.0,0.4926,0
27,3.5851,102.6584,22.4024,6036.7358,655.0,0.7841,0
28,3.4965,102.3168,47.6652,2071.7696,9050.0,0.2232,0
29,3.5841,102.6733,32.7539,5701.6736,809.0,0.5445,0
30,3.52,102.1735,60.7829,833.208,2233.0,0.068,0
31,3.4967,102.1593,56.131,430.8246,924.0,0.1143,0
32,3.4717,102.4536,51.6015,1383.851,6059.0,0.1716,0
33,3.4486,102.4287,37.7137,382.5618,21368.0,0.5009,0
34,3.4772,102.4377,39.3924,160.869,2710.0,0.4963,0
35,3.5858,102.6493,34.2105,6281.2082,682.0,0.5455,0
36,3.5098,102.373,42.2455,2485.1371,916.0,0.3345,0
37,3.4526,102.414,30.0513,574.6185,26759.0,0.6713,0
38,3.5883,102.6101,35.6668,6347.8251,667.0,0.4433,0
39,3.4526,102.3459,59.0853,1711.1255,17715.0,0.0763,0
40,3.4544,102.3471,52.9086,1471.0729,19393.0,0.1387,0
41,3.4338,102.397,45.5036,3082.1642,14860.0,0.2528,0
42,3.4488,102.3554,52.6633,2146.083,16036.0,0.1441,0
43,3.4544,102.4759,39.1585,4066.4557,5858.0,0.3772,0
44,3.46,102.4004,33.4346,721.9108,24110.0,0.6137,0
45,3.4721,102.3874,32.3443,1377.0633,13497.0,0.6005,0
46,3.4558,102.4491,45.7278,1292.8464,8736.0,0.2644,0
47,3.4633,102.4715,44.1729,3379.7247,6413.0,0.2686,0
48,3.4684,102.3957,36.0111,633.6967,17414.0,0.6499,0
49,3.4685,102.3439,67.9242,697.3864,30210.0,0.0323,0
50,3.4556,102.4554,41.3081,1883.8915,8208.0,0.349,0
51,3.2214,102.421,40.7156,3595.7354,3492.0,0.3484,0
52,3.2798,102.5868,48.2686,4314.7194,1084.0,0.1854,0
53,3.4599,102.3571,53.9238,1141.4412,22079.0,0.1269,0
54,3.3163,102.4536,27.6178,507.8757,2333.0,0.7331,0
55,3.4811,102.3412,51.2068,1576.4673,25758.0,0.1637,0
56,3.2603,102.4363,39.6242,5520.0042,17639.0,0.3522,0
57,3.4835,102.5237,45.1624,4052.2155,2168.0,0.2435,0
58,3.3192,102.4514,45.4182,359.7426,2224.0,0.3867,0
59,3.4008,102.423,23.0,0.0,1257.0,0.8434,0
60,3.3762,102.4299,37.0922,359.7324,952.0,0.529,0
61,3.4953,102.1962,43.8722,466.6208,1870.0,0.3461,0
62,3.4955,102.2021,42.7202,481.6769,1752.0,0.4252,0
63,3.5051,102.1598,47.6711,160.8666,1350.0,0.267,0
64,3.5295,102.2878,46.3344,1539.7749,618.0,0.2669,0
65,3.5125,102.299,51.693,456.9548,2906.0,0.2709,0
66,3.531,102.2634,63.2817,2185.5449,351.0,0.0492,0
67,3.53,102.2684,49.8947,2244.9604,425.0,0.1748,0
68,3.5138,102.4333,40.6711,149.3602,2315.0,0.4353,0
69,3.5125,102.1368,117.8082,2469.8259,812.0,0.0002,0
70,3.5143,102.144,94.5739,1938.6931,960.0,0.0019,0
71,3.5252,102.2062,67.9174,718.1685,667.0,0.0323,0
72,3.5742,102.5668,44.1482,5225.3085,731.0,0.2543,0
73,3.5299,102.2249,52.973,2552.4222,498.0,0.1325,0
74,3.5151,102.221,41.2235,1137.4929,1037.0,0.3601,0
75,3.5145,102.1557,105.5227,747.3981,1564.0,0.0006,0
76,3.4995,102.2859,51.0448,1344.5841,3749.0,0.1733,0
77,3.5244,102.2338,64.4825,1826.0984,519.0,0.0439,0
78,3.3717,102.4312,21.5,0.0,980.0,0.8661,0
79,3.3234,102.4516,32.9712,66.8024,2248.0,0.7541,0
80,3.3335,102.4458,35.6272,179.2487,2378.0,0.6569,0
81,3.3464,102.438,37.0407,712.6202,2021.0,0.4745,0
82,3.342,102.4428,39.7689,389.5179,2006.0,0.4484,0
83,3.4973,102.1757,69.2438,1282.7711,1844.0,0.0275,0
84,3.5141,102.4408,33.8739,956.3721,2077.0,0.5939,0
85,3.2501,102.1248,170.2796,3927.5301,404.0,0.0,0
86,3.2619,102.1137,177.0481,5394.9667,758.0,0.0,0
87,3.2497,102.1334,185.4098,2972.7755,366.0,0.0,0
88,3.2687,102.1079,129.7834,6280.7999,925.0,0.0,0
89,3.207,102.1626,93.5706,2087.0909,888.0,0.0021,0
90,3.214,102.1595,95.1526,1626.8306,868.0,0.0018,0
91,3.5049,102.1001,76.2721,1886.447,777.0,0.0129,0
92,3.497,102.1031,65.002,985.3335,1209.0,0.043,0
93,3.5261,102.2633,46.1084,1659.1658,417.0,0.2447,0
94,3.5239,102.2536,59.7564,1483.4035,382.0,0.0712,0
95,3.5068,102.1049,53.7264,2031.5264,704.0,0.1242,0
96,3.53,102.5477,25.7135,3263.1434,1042.0,0.7749,0
97,3.5084,102.1872,56.2614,1317.4254,2280.0,0.1113,0
98,3.5316,102.1522,51.0678,1457.6077,1407.0,0.1619,0
99,3.5587,102.6864,37.9361,2699.021,1493.0,0.4333,0
100,3.5574,102.6844,38.374,2575.1819,1511.0,0.43,0
101,3.5554,102.6796,18.6353,2427.1316,1562.0,0.9259,1
102,3.5526,102.68,28.9229,2130.1081,1547.0,0.7296,0
103,3.4974,102.1135,55.7478,1332.2512,955.0,0.1057,0
104,3.549,102.6606,60.4817,2038.7159,1117.0,0.0714,0
105,3.4722,102.3844,39.2013,1247.8779,12997.0,0.422,0
106,3.4747,102.3894,34.8037,1250.7335,12349.0,0.5439,0
107,3.4634,102.3956,35.6576,878.5862,20363.0,0.5706,0
108,3.4836,102.3952,34.9548,1434.192,8563.0,0.65,0
109,3.4334,102.3894,67.5035,3726.3856,8184.0,0.0295,0
110,3.4461,102.4063,38.0394,1525.8689,27264.0,0.4478,0
111,3.4555,102.4066,40.135,646.2507,26527.0,0.4007,0
112,3.5034,102.3992,35.8951,2352.33,3167.0,0.505,0
113,3.5103,102.2391,49.5756,227.4992,1155.0,0.2122,0
114,3.6236,102.3841,39.4187,2024.5816,824.0,0.4444,0
115,3.6328,102.4786,68.0121,4790.5072,657.0,0.0266,0
116,3.5209,102.2488,63.4978,1528.1475,454.0,0.0489,0
117,3.4452,102.4268,25.5,0.0,21729.0,0.8157,0
118,3.445,102.436,46.9868,588.432,17332.0,0.266,0
119,3.4348,102.4651,29.5247,2666.7642,3613.0,0.6893,0
120,3.4347,102.4718,45.2504,3364.1599,2840.0,0.2477,0
121,3.5173,102.29,41.4267,267.1832,2644.0,0.4803,0
122,3.5749,102.3755,59.7106,2302.4002,1945.0,0.1121,0
123,3.5758,102.3706,45.2884,2778.1706,1754.0,0.2607,0
124,3.5821,102.3814,46.0552,1468.5466,2039.0,0.2633,0
125,3.57,102.3922,58.7408,1137.4601,2137.0,0.0823,0
126,3.566,102.3844,48.8716,1971.5011,2174.0,0.2028,0
127,3.2458,102.2316,69.6197,6889.0082,988.0,0.0205,0
128,3.261,102.24,59.2179,8536.3401,1039.0,0.0555,0
129,3.2226,102.2356,65.289,4636.3321,607.0,0.0355,0
130,3.2439,102.1421,112.5183,2033.5505,432.0,0.0003,0
131,3.2539,102.162,104.1436,768.1082,534.0,0.0007,0
132,3.2485,102.1511,152.6152,1031.4803,528.0,0.0,0
133,3.5785,102.3808,45.6008,1605.8285,2073.0,0.3132,0
134,3.6871,102.3744,42.6247,746.7321,2260.0,0.3326,0
135,3.3304,102.476,18.0,42.2494,1589.0,0.9485,1
136,3.2942,102.4624,35.3904,2718.6581,3821.0,0.4971,0
137,3.3513,102.4356,43.235,374.3267,1620.0,0.3471,0
138,3.4786,102.594,16.5,0.0,2460.0,0.9047,0
139,3.4772,102.5933,16.5,0.0,2422.0,0.907,0
140,3.4448,102.368,51.5747,3191.254,11774.0,0.145,0
141,3.3965,102.4268,23.0,0.0,1113.0,0.8642,1
142,3.5587,102.3912,58.9796,1389.5795,1995.0,0.0891,0
143,3.4897,102.5264,60.8052,3537.0764,2164.0,0.0589,0
144,3.5129,102.5246,69.1594,3946.053,1600.0,0.0246,0
145,3.4488,102.4453,40.8834,1499.9128,10123.0,0.3675,0
146,3.4575,102.4493,38.3971,1209.761,8503.0,0.4369,0
147,3.4706,102.5982,37.9303,160.8695,2286.0,0.4762,0
148,3.4475,102.6137,21.0191,444.0951,1012.0,0.9801,1
149,3.4981,102.2479,46.3654,746.8073,1461.0,0.2908,0
150,3.4687,102.3697,50.3461,2119.0707,15972.0,0.1905,0
151,3.4595,102.3296,43.4747,2440.8181,17222.0,0.2933,0
152,3.4782,102.3397,42.5548,1668.86,26413.0,0.3217,0
153,3.4728,102.3269,52.7861,2637.6074,19567.0,0.1357,0
154,3.4691,102.3254,74.6589,2754.1307,17268.0,0.0148,0
155,3.4535,102.3903,32.6621,1986.0478,19820.0,0.6878,0
156,3.4476,102.358,53.4539,2374.2986,15567.0,0.132,0
157,3.6279,102.3834,44.9309,2297.6801,826.0,0.3246,0
158,3.647,102.3796,49.5216,3257.0559,838.0,0.1731,0
159,3.4369,102.406,30.6767,2286.4247,24402.0,0.7055,1
160,3.4946,102.2334,53.459,870.9211,1388.0,0.1371,0
161,3.5862,102.6171,45.0497,6440.5584,610.0,0.2249,0
162,3.565,102.6064,111.3812,3797.2922,455.0,0.0003,0
163,3.5941,102.3847,65.0813,1605.8151,1480.0,0.0418,0
164,3.586,102.3801,42.0794,1635.279,1917.0,0.3777,0
165,3.2007,102.2348,64.674,2762.263,647.0,0.0411,0
166,3.2039,102.235,77.0672,2978.8398,623.0,0.0113,0
167,3.5074,102.4236,50.6696,776.6759,3182.0,0.1749,0
168,3.6173,102.3857,44.4108,1637.4327,876.0,0.288,0
169,3.4998,102.1841,54.9209,1056.1441,1902.0,0.118,0
170,3.5376,102.6305,109.8162,1105.2521,1084.0,0.0004,0
171,3.5424,102.6338,42.9795,1546.9914,1170.0,0.3142,0
172,3.5158,102.5482,48.5198,2124.4866,1628.0,0.1998,0
173,3.5478,102.3927,42.7063,374.289,1645.0,0.5201,0
174,3.5892,102.6702,21.7218,6332.0588,674.0,0.7952,0
175,3.5426,102.6495,25.8798,1645.3801,1385.0,0.8028,0
176,3.6946,102.6532,36.7682,10273.6015,979.0,0.3711,0
177,3.6882,102.6649,42.353,11236.6014,866.0,0.2361,0
178,3.6699,102.6659,39.8851,13238.149,939.0,0.268,0
179,3.6579,102.6858,51.5289,12474.8704,899.0,0.0999,0
180,3.5898,102.3836,73.8347,1404.2478,1781.0,0.0179,0
181,3.5925,102.3841,54.4631,1526.0447,1598.0,0.1212,0
182,3.5968,102.3846,62.6644,1834.0732,1310.0,0.0525,0
183,3.4977,102.3104,40.2081,2164.2476,6466.0,0.3776,0
184,3.5013,102.2352,46.2351,832.1444,1331.0,0.259,0
185,3.4956,102.2301,61.5928,1237.8109,1415.0,0.0605,0
186,3.5547,102.6599,84.3206,2671.7799,1094.0,0.0061,0
187,3.5844,102.6479,35.5646,6172.8133,689.0,0.4988,0
188,3.5296,102.4325,28.0,0.0,1714.0,0.7517,0
189,3.4982,102.2554,48.2766,667.9648,1366.0,0.2496,0
190,3.5196,102.4436,46.008,1283.104,1896.0,0.3573,0
191,3.2583,102.2082,82.5064,5188.4357,444.0,0.0057,0
192,3.2553,102.1996,159.5452,4195.5207,376.0,0.0,0
193,3.4901,102.5212,58.3594,4079.5268,2264.0,0.0734,0
194,3.4952,102.2395,48.4128,416.0735,1399.0,0.2774,0
195,3.6703,102.6839,46.6077,12273.6251,759.0,0.1616,0
196,3.6902,102.6636,47.9156,10967.9877,902.0,0.1477,0
197,3.6769,102.6755,44.8179,12770.4386,666.0,0.1813,0
198,3.4856,102.3228,64.531,2900.094,16493.0,0.047,0
199,3.6447,102.4724,44.8044,3627.9413,675.0,0.2534,0
200,3.6392,102.4725,43.8635,3860.6405,679.0,0.2706,0
201,3.5001,102.2723,49.0586,1881.004,3195.0,0.2177,0
202,3.5182,102.28,37.6732,952.6306,2286.0,0.5407,0
203,3.4755,102.3756,36.2524,1143.7751,11777.0,0.5449,0
204,3.4827,102.394,31.6867,1315.7485,9015.0,0.7025,0
205,3.4589,102.3596,60.2765,1416.6811,20274.0,0.0691,0
206,3.4148,102.4024,66.6595,1594.2524,2222.0,0.0362,0
207,3.5283,102.4232,39.5667,836.411,1630.0,0.4083,0
208,3.4465,102.3997,34.5766,1901.5811,25051.0,0.5359,0
209,3.5694,102.3808,59.5194,2154.4554,2142.0,0.0823,0
210,3.5625,102.3373,55.6906,3099.7124,337.0,0.0987,0
211,3.4992,102.5387,45.5515,2032.1931,2046.0,0.2632,0
212,3.2659,102.5804,36.6643,3707.6066,1701.0,0.4452,0
213,3.2675,102.5468,21.5,29.8758,1018.0,0.8842,0
214,3.6064,102.5298,67.5984,10381.2641,1050.0,0.0216,0
215,3.6145,102.5341,54.0349,10955.6184,995.0,0.0831,0
216,3.2719,102.5644,31.0343,2007.2373,1384.0,0.8049,0
217,3.2677,102.5599,34.53,1435.2802,1418.0,0.5369,0
218,3.284,102.5054,45.6702,4195.3562,648.0,0.2317,0
219,3.5448,102.3941,36.5081,29.8716,1570.0,0.6423,0
220,3.5194,102.4107,44.8647,2096.3648,2653.0,0.3738,0
221,3.5546,102.3933,41.5429,1081.9885,1902.0,0.3641,0
222,3.4734,102.1149,56.9722,1010.8271,1548.0,0.0961,0
223,3.4595,102.4704,33.2106,3327.8454,6986.0,0.5456,0
224,3.4757,102.3694,36.6874,1660.0158,15804.0,0.6024,0
225,3.5117,102.5914,20.8195,1298.3192,1626.0,0.8647,1
226,3.5036,102.3707,41.9946,2054.2438,2208.0,0.4703,0
227,3.4816,102.3386,35.9332,1708.7517,25631.0,0.5329,0
228,3.482,102.3195,49.3873,3400.881,15278.0,0.1762,0
229,3.4788,102.1391,49.9258,497.179,880.0,0.1956,0
230,3.2707,102.4537,35.1732,5365.996,11511.0,0.4827,0
231,3.2674,102.4483,36.121,5826.6142,12515.0,0.4351,0
232,3.2565,102.4297,41.0108,4664.1839,17803.0,0.3261,0
233,3.2051,102.2332,67.1379,3232.896,596.0,0.0314,0
234,3.4284,102.4029,51.5685,2204.1603,12023.0,0.1757,0
235,3.2934,102.4606,33.4097,2808.2853,4053.0,0.5556,0
236,3.2962,102.4617,31.5539,2479.6526,3638.0,0.6007,0
237,3.3198,102.4568,19.0,29.875,2291.0,0.9096,0
238,3.3134,102.4636,37.3399,597.5017,2711.0,0.5607,0
239,3.2557,102.4273,50.4833,4384.8452,17379.0,0.152,0
240,3.2612,102.4375,44.5965,5681.9107,17155.0,0.2413,0
241,3.2737,102.4747,35.1481,5097.6319,4387.0,0.5433,1
242,3.2784,102.4579,40.5914,4487.7083,9348.0,0.412,0
243,3.2727,102.4589,27.0,5110.1385,10009.0,0.7416,0
244,3.2849,102.4579,28.8564,3742.0775,7349.0,0.659,0
245,3.2586,102.4544,42.9474,6691.7971,11048.0,0.2648,0
246,3.2518,102.4226,41.7291,3741.0641,16060.0,0.3188,0
247,3.2515,102.4174,39.6886,3227.9889,14630.0,0.3841,0
248,3.2476,102.4216,41.408,3440.8068,15287.0,0.3293,0
249,3.2418,102.4176,41.4277,2835.8719,13291.0,0.3684,0
250,3.4619,102.4533,40.8526,1435.452,7707.0,0.3732,0
251,3.54,102.6199,77.7563,1539.7664,848.0,0.0113,0
252,3.537,102.6199,39.3756,1231.6412,882.0,0.4114,0
253,3.3452,102.4405,37.527,604.9148,1921.0,0.4781,0
254,3.2458,102.5758,30.91,3973.6287,1335.0,0.5935,0
255,3.4746,102.3593,39.8044,1296.9687,22030.0,0.4552,0
256,3.5519,102.3938,55.0957,778.9522,1809.0,0.1318,0
257,3.3588,102.4311,35.0,29.8744,1301.0,0.6779,0
258,3.5146,102.4235,42.2252,687.0568,2744.0,0.3419,0
259,3.5076,102.4569,50.4755,2662.8132,1465.0,0.1685,0
260,3.4965,102.4096,47.2622,1955.4393,3406.0,0.2213,0
261,3.2775,102.5154,48.9779,3366.9426,546.0,0.1807,0
262,3.2542,102.529,57.1786,2438.1405,658.0,0.088,0
263,3.4236,102.608,40.9366,804.3669,625.0,0.4234,0
264,3.43,102.6025,39.6575,1263.5398,796.0,0.7445,0
265,3.4236,102.61,34.4922,635.118,616.0,0.649,0
266,3.4355,102.6126,30.8106,481.6918,906.0,0.7007,0
267,3.4145,102.6051,52.6092,1721.5577,502.0,0.1625,0
268,3.5856,102.6037,42.1106,5870.8329,653.0,0.2941,0
269,3.5586,102.5132,46.2655,7296.0117,2512.0,0.1975,0
270,3.5584,102.5348,54.4015,5985.7598,1385.0,0.0989,0
271,3.3746,102.4281,40.4611,337.9877,968.0,0.4263,0
272,3.6235,102.6836,31.3465,9873.5282,873.0,0.5144,0
273,3.2758,102.5057,39.1339,4421.6944,632.0,0.375,0
274,3.2648,102.5151,54.5026,3535.5824,453.0,0.1085,0
275,3.2238,102.4204,39.3012,3422.1173,4730.0,0.3851,0
276,3.2213,102.1552,101.4394,1675.7446,729.0,0.0009,0
277,3.3371,102.4457,33.2279,119.4989,2131.0,0.6456,0
278,3.3336,102.4473,19.5,0.0,2231.0,0.9035,1
279,3.4602,102.3447,52.5474,1003.7465,25105.0,0.1448,0
280,3.4788,102.1355,48.9477,337.9698,939.0,0.2087,0
281,3.211,102.5093,47.3393,7499.0773,493.0,0.178,0
282,3.221,102.5265,33.1429,5590.7234,830.0,0.7459,1
283,3.4864,102.1022,59.4872,188.9301,1807.0,0.0966,0
284,3.4669,102.1002,58.5978,1362.4082,1765.0,0.0809,0
285,3.2226,102.44,32.8812,5491.4903,1628.0,0.5246,0
286,3.4703,102.1184,74.2412,1349.5727,1404.0,0.0165,0
287,3.4743,102.1018,67.3988,708.1774,1908.0,0.0347,0
288,3.3011,102.3973,80.451,6439.8342,628.0,0.0068,0
289,3.2886,102.4101,44.8439,6001.3221,1112.0,0.2323,0
290,3.4389,102.4365,25.5,29.8732,14368.0,0.807,0
291,3.4702,102.3875,35.1414,1526.1425,14593.0,0.5616,0
292,3.5017,102.1108,57.3448,1580.9725,797.0,0.0905,0
293,3.4986,102.1062,53.0549,1138.6788,1053.0,0.1375,0
294,3.5111,102.1283,102.5143,3076.9703,757.0,0.0008,0
295,3.5859,102.6075,49.2509,6031.5579,643.0,0.161,0
296,3.5244,102.17,60.3966,775.5192,2008.0,0.0692,0
297,3.5312,102.2002,52.6861,1306.5274,790.0,0.1407,0
298,3.5289,102.2265,61.4367,2566.3696,493.0,0.0585,0
299,3.6555,102.6928,34.0331,11861.3558,894.0,0.4229,0
300,3.5363,102.6502,28.1583,930.3488,1406.0,0.7465,0
301,3.4676,102.4619,35.1031,2300.2027,6898.0,0.5145,0
302,3.2628,102.2456,58.0304,8686.879,948.0,0.0619,0
303,3.2541,102.2432,58.3903,7745.7102,1047.0,0.0628,0
304,3.5115,102.4455,38.7413,1453.6385,1945.0,0.4885,0
305,3.5145,102.6384,36.9801,681.8419,837.0,0.5197,0
306,3.2418,102.1359,148.5988,2748.116,358.0,0.0,0
307,3.2388,102.1437,152.757,1993.6604,421.0,0.0,0
308,3.272,102.5665,23.6268,2246.2463,1379.0,0.893,0
309,3.2717,102.5414,46.5097,784.2013,790.0,0.3127,0
310,3.2675,102.2448,52.112,9201.5861,822.0,0.1076,0
311,3.3603,102.6345,69.8512,7572.4361,1045.0,0.0194,0
312,3.3624,102.6337,60.5715,7318.4859,1090.0,0.0509,0
313,3.3752,102.6303,57.8242,5840.4564,1083.0,0.0717,0
314,3.5189,102.6972,29.2385,89.6159,579.0,0.7355,0
315,3.4229,102.6157,22.2824,359.7239,587.0,0.9398,0
316,3.3779,102.6404,49.8172,5892.0984,1174.0,0.1521,0
317,3.5499,102.364,65.2683,3422.8602,595.0,0.0377,0
318,3.4115,102.6004,73.0743,2325.1582,557.0,0.0176,0
319,3.4277,102.5972,29.5084,1199.7796,784.0,0.921,0
320,3.4924,102.5865,31.9885,976.6943,2380.0,0.6332,0
321,3.3445,102.6299,53.4609,6804.2034,828.0,0.1046,0
322,3.3354,102.6022,54.4681,3601.9841,1153.0,0.109,0
323,3.3395,102.6388,41.4442,7520.833,510.0,0.288,0
324,3.2018,102.3046,62.9684,5857.661,1391.0,0.0428,0
325,3.202,102.3089,74.0546,6321.7978,1407.0,0.0132,0
326,3.4786,102.3654,42.0362,1928.5763,17910.0,0.4525,0
327,3.2702,102.4566,32.5906,5391.6351,10723.0,0.5892,0
328,3.508,102.3876,45.4858,2093.8219,2370.0,0.3242,0
329,3.2072,102.3168,79.3964,7323.4291,1346.0,0.0072,0
330,3.5294,102.5801,44.4546,712.5537,1126.0,0.3334,0
331,3.6005,102.6849,21.2353,7330.2553,684.0,0.7836,0
332,3.5861,102.6354,21.3579,6339.6746,661.0,0.7853,0
333,3.5889,102.3856,54.2593,1152.6439,1837.0,0.1353,0
334,3.3867,102.4332,44.5122,444.1089,959.0,0.3273,0
335,3.2958,102.4682,24.9361,2560.5798,3392.0,0.8086,0
336,3.5274,102.1898,66.8726,1225.8378,1705.0,0.0353,0
337,3.4214,102.4149,30.0107,681.2199,7220.0,0.7765,1
338,3.3335,102.4861,39.3004,380.2439,1505.0,0.4628,0
339,3.3763,102.4792,51.6905,3779.9947,397.0,0.1396,0
340,3.4115,102.4936,42.979,4250.9858,1061.0,0.2858,0
341,3.6929,102.3737,51.1659,806.468,3050.0,0.1665,0
342,3.3642,102.4766,38.9959,2645.3546,575.0,0.4003,0
343,3.3597,102.4802,37.9067,2004.0356,662.0,0.4684,0
344,3.3543,102.4459,38.587,211.2445,1382.0,0.5214,0
345,3.456,102.6172,32.9982,107.7084,1224.0,0.6184,0
346,3.2047,102.6107,75.3862,7156.503,341.0,0.0111,0
347,3.4818,102.6112,20.1321,0.0,2005.0,0.9007,0
348,3.3197,102.6093,39.6986,3914.6496,840.0,0.3654,0
349,3.5694,102.6585,17.1505,4287.8408,910.0,0.9439,1
350,3.2042,102.4797,49.0633,10208.7724,780.0,0.1451,0
351,3.4338,102.6122,28.3634,595.2209,873.0,0.8154,0
352,3.3086,102.4587,29.3636,1115.4279,3164.0,0.7853,0
353,3.5953,102.6679,25.2076,7034.8668,607.0,0.7002,0
354,3.5239,102.6883,30.4977,790.9003,592.0,0.7355,0
355,3.5046,102.1363,100.076,1990.9317,781.0,0.001,0
356,3.4078,102.5122,39.1638,2324.2026,851.0,0.4818,0
357,3.4061,102.5576,29.011,600.454,608.0,0.7236,0
358,3.5092,102.385,31.6923,2190.6674,1948.0,0.6926,0
359,3.5489,102.5344,35.9812,5409.9588,1550.0,0.4447,0
360,3.4823,102.1398,53.5747,275.4112,875.0,0.1685,0
361,3.4774,102.1372,48.8005,570.7155,906.0,0.2057,0
362,3.4834,102.1111,65.1897,174.1852,1676.0,0.0534,0
363,3.3286,102.4489,19.5,0.0,2316.0,0.9022,0
364,3.6704,102.5438,71.7267,11511.4102,556.0,0.0135,0
365,3.5333,102.4927,38.3393,5912.0405,1417.0,0.3947,1
366,3.5343,102.524,67.2226,5389.5917,2268.0,0.0292,0
367,3.5238,102.4144,31.5,1787.5776,2234.0,0.6497,0
368,3.4987,102.5859,55.9915,1256.0576,2185.0,0.1098,0
369,3.4794,102.1177,64.3693,718.1856,1453.0,0.0464,0
370,3.5353,102.5837,40.8477,804.3205,935.0,0.4283,0
371,3.5998,102.3853,65.8302,1980.0462,1160.0,0.0378,0
372,3.5157,102.5868,73.0194,1464.9477,1601.0,0.0189,0
373,3.6888,102.6143,54.0489,11163.792,1337.0,0.0822,0
374,3.5238,102.584,28.8556,836.9463,1271.0,0.6996,0
375,3.6992,102.3712,52.2173,774.871,3210.0,0.1512,0
376,3.5284,102.5441,59.1729,3585.1165,1162.0,0.0781,0
377,3.5083,102.4207,40.6123,1101.6298,3309.0,0.4465,0
378,3.4868,102.4056,44.5202,1999.6711,4340.0,0.2917,0
379,3.5221,102.5916,23.7366,644.8461,1134.0,0.8098,0
380,3.5674,102.3908,51.6053,1254.5907,2151.0,0.1737,0
381,3.675,102.5425,61.7731,11452.1706,713.0,0.0375,0
382,3.5565,102.3917,40.569,1318.7462,1948.0,0.386,0
383,3.4204,102.5968,24.2634,1496.3606,695.0,0.9066,1
384,3.4582,102.458,36.8999,2031.5773,7897.0,0.4583,0
385,3.4396,102.4475,44.3621,1052.3677,8706.0,0.3311,0
386,3.2587,102.5863,34.5098,4465.4198,2155.0,0.4934,0
387,3.5162,102.5771,43.4267,868.346,1715.0,0.3384,0
388,3.5835,102.5179,58.9812,8194.2828,1501.0,0.0574,0
389,3.6322,102.651,35.3395,11296.5353,647.0,0.3963,0
390,3.6962,102.6011,77.5683,10840.4791,1699.0,0.0074,0
391,3.6787,102.609,36.7032,12378.5229,1094.0,0.348,0
392,3.5325,102.6674,29.174,149.3588,934.0,0.7601,0
393,3.4964,102.1974,57.4489,467.5757,1850.0,0.1186,0
394,3.5452,102.1961,89.894,2815.7015,647.0,0.0029,0
395,3.5296,102.2402,58.8744,2369.1182,403.0,0.0748,0
396,3.4252,102.429,39.7635,298.7341,8503.0,0.5089,0
397,3.4415,102.4411,44.1979,639.3136,11900.0,0.3541,0
398,3.5273,102.211,70.6796,1189.6345,604.0,0.0242,0
399,3.5178,102.695,24.939,328.5919,600.0,0.8411,0
400,3.5204,102.6924,16.8966,597.439,599.0,0.9482,1
401,3.2619,102.5724,48.165,2900.4188,1552.0,0.1979,0
402,3.5182,102.1827,78.4509,1362.6995,2442.0,0.0106,0
403,3.4339,102.4291,41.1212,389.4999,15892.0,0.4224,0
404,3.2763,102.2346,81.7002,8719.8443,845.0,0.0055,0
405,3.2689,102.2353,65.7068,8404.4848,855.0,0.0288,0
406,3.5867,102.6216,38.1393,6593.5579,627.0,0.375,0
407,3.5866,102.623,33.7576,6578.7232,632.0,0.4887,0
408,3.5071,102.3686,37.5803,2303.2574,1677.0,0.4831,0
409,3.529,102.1856,64.2124,1708.7095,1838.0,0.0451,0
410,3.5042,102.4162,49.4667,1642.971,3654.0,0.2291,0
411,3.5127,102.4487,35.2409,1824.3984,1807.0,0.5561,0
412,3.5131,102.4005,55.6513,3231.1575,2971.0,0.1059,0
413,3.5868,102.6253,38.0425,6565.7569,640.0,0.3777,0
414,3.5856,102.6425,37.0315,6277.4435,680.0,0.4485,0
415,3.5254,102.476,39.3511,4535.5098,480.0,0.3684,0
416,3.5269,102.1848,84.7617,1671.2222,1926.0,0.0053,0
417,3.5841,102.6692,24.4683,5814.101,746.0,0.727,0
418,3.579,102.6921,33.0548,4929.5336,1241.0,0.5473,0
419,3.5408,102.5028,44.3561,6541.4091,2240.0,0.238,0
420,3.5395,102.497,44.4845,6017.4877,1866.0,0.2399,0
421,3.5401,102.5009,40.6572,6367.9854,2143.0,0.318,0
422,3.5278,102.5165,45.5514,5545.631,2351.0,0.2269,0
423,3.551,102.5162,44.2235,7327.7088,2668.0,0.2339,0
424,3.4734,102.111,60.5805,960.1173,1664.0,0.0683,0
425,3.5121,102.4397,41.3961,807.099,2127.0,0.3826,0
426,3.511,102.4359,44.172,388.3372,2265.0,0.3174,0
427,3.5173,102.166,73.6566,317.5437,2092.0,0.0207,0
428,3.5237,102.5766,22.0,29.8719,1411.0,0.8709,0
429,3.5107,102.3378,36.4703,1464.9517,2347.0,0.5415,0
430,3.5307,102.5082,78.5178,6470.6725,2280.0,0.0082,0
431,3.5935,102.5359,64.5204,8929.5684,1123.0,0.0317,0
432,3.5117,102.4647,56.7326,3564.9299,833.0,0.0879,0
433,3.5126,102.3373,47.4394,1350.8649,1814.0,0.2683,0
434,3.5059,102.4129,44.6531,1975.1808,3572.0,0.3553,0
435,3.451,102.3507,49.6408,1823.2333,16658.0,0.1823,0
436,3.453,102.3482,49.2365,1626.6385,17947.0,0.1917,0
437,3.4445,102.3652,56.9708,3040.7547,13033.0,0.0882,0
438,3.4506,102.3526,51.4305,1901.1078,16568.0,0.1564,0
439,3.461,102.3466,54.168,815.3706,25839.0,0.1268,0
440,3.4889,102.347,33.4426,545.1208,20025.0,0.6922,1
441,3.4772,102.3515,55.5589,1085.7371,22460.0,0.1092,0
442,3.4566,102.4054,36.7574,727.4534,25917.0,0.4891,0
443,3.4645,102.3935,36.9069,1019.6217,19209.0,0.5176,0
444,3.459,102.4018,34.137,761.6124,24733.0,0.5848,0
445,3.4664,102.3954,36.8226,734.7733,18672.0,0.6259,0
446,3.4488,102.4156,41.7099,861.6706,26243.0,0.3533,0
447,3.4495,102.4412,36.8945,1276.177,12722.0,0.4977,0
448,3.4431,102.4222,43.6113,415.0109,22796.0,0.3355,0
449,3.451,102.4128,37.1647,775.5487,27160.0,0.4868,0
450,3.4478,102.4177,39.2543,652.4377,25059.0,0.4172,0
451,3.4464,102.416,37.9554,879.1016,25760.0,0.4488,0
452,3.4447,102.4231,46.6235,215.4181,22804.0,0.2969,0
453,3.4409,102.4169,39.2154,1035.6992,24088.0,0.415,0
454,3.434,102.4118,38.9054,1913.9891,21705.0,0.4243,0
455,3.453,102.3523,55.2218,1630.7479,17705.0,0.1106,0
456,3.5079,102.4088,35.4293,2398.1582,3434.0,0.5404,0
457,3.4508,102.3481,50.5804,1867.4821,16501.0,0.1678,0
458,3.624,102.5369,48.0422,11128.202,781.0,0.1451,0
459,3.4971,102.5309,53.3927,2901.461,2086.0,0.1249,0
460,3.4502,102.448,39.877,1667.0115,9202.0,0.3928,0
461,3.4491,102.4427,36.2326,1333.9579,11664.0,0.4998,0
462,3.4531,102.4506,52.5014,1626.6382,8776.0,0.1447,1
463,3.4573,102.4672,34.4283,3036.6234,7512.0,0.5238,0
464,3.4571,102.4598,35.7864,2269.1627,7893.0,0.485,0
465,3.4841,102.3121,41.5436,3534.1843,11187.0,0.3324,0
466,3.4874,102.3101,47.2307,3240.1636,10096.0,0.2158,0
467,3.4925,102.3029,38.7114,2599.0687,5340.0,0.4256,0
468,3.4638,102.3267,67.0832,2632.3705,16822.0,0.0323,0
469,3.4526,102.3428,55.8001,1830.3152,17701.0,0.1056,0
470,3.4421,102.3685,61.519,3465.8009,10247.0,0.0551,0
471,3.4995,102.2654,60.708,1337.5975,2262.0,0.0671,0
472,3.5002,102.2704,49.4948,1712.1261,2966.0,0.2132,0
473,3.4964,102.2893,51.5485,1746.4454,3976.0,0.1577,1
474,3.4275,102.4054,52.9034,1930.9388,11938.0,0.1883,0
475,3.4307,102.4068,33.4025,2029.6282,17582.0,0.6392,0
476,3.432,102.4124,34.2006,1684.8653,19601.0,0.5549,0
477,3.4368,102.3986,43.8784,2838.4291,19760.0,0.2893,0
478,3.4461,102.41,36.1814,1392.5476,27391.0,0.4897,0
479,3.4519,102.449,41.5543,1605.9346,8996.0,0.3502,0
480,3.4566,102.4626,33.8478,2570.1141,7835.0,0.5455,0
481,3.4925,102.5314,60.4668,2912.9783,2111.0,0.064,0
482,3.4843,102.5199,48.1735,4405.3589,2631.0,0.187,0
483,3.4768,102.3648,39.6481,1922.3211,18788.0,0.5229,0
484,3.4726,102.3699,37.9674,1821.0092,15385.0,0.5239,0
485,3.4769,102.3489,59.6632,1056.1566,24694.0,0.0738,0
486,3.4976,102.3964,46.9019,1741.8394,3781.0,0.295,0
487,3.4822,102.3803,31.3399,240.8401,9619.0,0.6884,0
488,3.471,102.3802,36.2499,1389.9642,12835.0,0.5134,0
489,3.4832,102.517,37.1764,4765.5808,3059.0,0.4198,0
490,3.4749,102.5057,42.9606,6269.6993,3988.0,0.2697,0
491,3.4735,102.503,56.7159,6615.9714,4161.0,0.078,0
492,3.4863,102.5179,38.0214,4535.3069,2807.0,0.4018,0
493,3.4731,102.5014,55.4917,6480.0995,4245.0,0.0872,0
494,3.4319,102.4313,36.5605,389.5003,12932.0,0.541,0
495,3.5052,102.3873,36.0904,1797.3028,2558.0,0.5633,0
496,3.6478,102.6796,28.0506,12584.0322,993.0,0.5699,0
497,3.639,102.543,66.5046,11418.5319,875.0,0.023,0
498,3.5022,102.3951,40.7165,1943.7619,3169.0,0.5359,0
499,3.4591,102.4744,36.574,3772.9832,6206.0,0.4468,0
500,3.4632,102.4802,38.8296,4361.2289,5245.0,0.3822,0
501,3.4505,102.4006,40.4139,1535.4852,25673.0,0.3757,0
502,3.2724,102.4528,32.8468,5201.544,11551.0,0.5466,1
503,3.2646,102.4434,34.8971,6278.7521,14011.0,0.4632,0
504,3.2706,102.4519,33.4277,5392.8751,11842.0,0.5194,0
505,3.2666,102.4529,33.9596,5822.1725,11738.0,0.498,0
506,3.2735,102.4552,34.6694,5047.8384,10773.0,0.5302,0
507,3.2682,102.4441,34.1975,5852.062,13277.0,0.4855,0
508,3.2666,102.4509,35.8769,5854.8113,12079.0,0.442,0
509,3.2647,102.4472,38.1887,6144.8336,12967.0,0.3786,0
510,3.2688,102.452,35.0346,5599.2096,11894.0,0.4744,0
511,3.2648,102.4496,37.7707,6087.7009,12366.0,0.3898,0
512,3.2443,102.4218,37.1928,3362.2214,14583.0,0.4406,0
513,3.2496,102.4182,40.344,3206.6298,14675.0,0.368,0
514,3.2514,102.4195,41.7948,3421.6809,15212.0,0.3308,0
515,3.2228,102.4216,45.5191,3581.1817,4099.0,0.2431,0
516,3.2428,102.419,42.5589,3029.8854,13685.0,0.3199,0
517,3.2052,102.4114,45.7426,4068.6024,1890.0,0.2314,0
518,3.5161,102.5735,28.5166,926.514,1713.0,0.7288,0
519,3.509,102.5612,82.6728,1220.3777,1834.0,0.0068,0
520,3.2574,102.4309,38.3218,4852.2355,17965.0,0.3895,0
521,3.324,102.4503,39.8302,123.1775,2270.0,0.6289,0
522,3.5209,102.4026,45.1999,2815.2619,2529.0,0.2596,0
523,3.2719,102.455,33.4465,5229.2699,11060.0,0.556,0
524,3.452,102.4105,43.5865,756.324,27454.0,0.3244,0
525,3.5604,102.5077,49.2988,6692.242,2251.0,0.1557,0
526,3.5932,102.5231,51.2747,9085.8301,1218.0,0.117,0
527,3.555,102.5264,44.8997,6532.2824,2179.0,0.2269,0
528,3.4903,102.5027,35.3329,6100.412,3105.0,0.5008,0
529,3.4458,102.3703,51.6335,3275.8408,11505.0,0.1438,0
530,3.4801,102.3351,44.2176,2071.7872,25186.0,0.3295,0
531,3.4846,102.3384,48.564,1457.6433,24976.0,0.3752,0
532,3.473,102.3756,48.0265,1358.7965,12186.0,0.2403,0
533,3.2906,102.4595,36.4025,3107.6176,4870.0,0.4677,0
534,3.2832,102.457,30.2835,3959.8315,8163.0,0.635,0
535,3.2853,102.4537,44.317,3773.3115,7701.0,0.2647,0
536,3.2497,102.4163,36.656,3021.0245,14138.0,0.4649,0
537,3.5781,102.3848,44.0436,1202.286,2103.0,0.3001,0
538,3.419,102.6092,49.1169,1069.6218,551.0,0.2503,0
539,3.4829,102.5895,33.5271,448.0879,2570.0,0.5961,0
540,3.4844,102.5901,37.469,418.2151,2594.0,0.483,0
541,3.4929,102.5819,39.4978,1464.9652,2257.0,0.3985,0
542,3.6666,102.5426,74.5354,11307.6126,500.0,0.0101,0
543,3.6521,102.5445,72.5929,11443.3119,801.0,0.0123,0
544,3.6958,102.542,74.4667,12069.6818,1697.0,0.0098,0
545,3.6877,102.5393,76.1005,11466.845,1284.0,0.0085,0
546,3.6914,102.5417,71.4558,11858.6793,1523.0,0.0136,0
547,3.4712,102.3247,71.8299,2839.0077,17374.0,0.0201,0
548,3.5203,102.589,21.0179,948.8753,1300.0,0.8412,0
549,3.5148,102.5804,35.4745,1098.3813,1738.0,0.5081,0
550,3.5095,102.585,38.8056,1860.004,1822.0,0.4117,0
551,3.4872,102.5233,68.9569,3939.2028,2209.0,0.0252,0
552,3.5131,102.5358,61.9689,2841.7737,1871.0,0.0538,0
553,3.501,102.5416,47.5533,1748.9941,2036.0,0.225,0
554,3.4541,102.4625,42.1161,2685.5786,7908.0,0.3387,0
555,3.4408,102.4233,41.8641,506.9646,21880.0,0.3618,0
556,3.2867,102.5374,41.6943,742.0914,787.0,0.516,0
557,3.2708,102.5369,22.4366,1171.6458,735.0,0.8183,0
558,3.4851,102.3517,39.133,1082.8522,18524.0,0.4273,0
559,3.5501,102.6403,26.1732,2359.8469,1309.0,0.7956,0
560,3.4382,102.3772,37.6977,4226.6115,6890.0,0.4136,0
561,3.4984,102.3332,36.2372,1682.4225,12908.0,0.5801,1
562,3.457,102.4788,43.6689,4290.0687,5331.0,0.2726,0
563,3.4183,102.5939,24.7345,1357.8491,727.0,0.875,0
564,3.3347,102.5002,25.4674,456.0186,1322.0,0.841,1
565,3.2962,102.4595,31.9102,2480.3724,3700.0,0.6253,0
566,3.5661,102.5564,34.7178,5170.4844,651.0,0.482,0
567,3.5687,102.5611,69.3201,5106.2256,672.0,0.023,0
568,3.5776,102.5723,55.7469,5298.9751,757.0,0.0902,0
569,3.5041,102.4017,41.2031,2617.3571,3234.0,0.348,0
570,3.2599,102.6008,40.0303,6029.3751,2432.0,0.335,0
571,3.2621,102.5901,64.0915,4813.7186,2305.0,0.0398,0
572,3.2649,102.5843,37.9418,4161.4306,1988.0,0.4069,0
573,3.2592,102.588,53.6961,4658.0501,2232.0,0.1118,0
574,3.2599,102.6065,57.6788,6651.6577,2547.0,0.0699,0
575,3.2637,102.6072,45.7541,6703.4414,2574.0,0.2101,0
576,3.2648,102.5969,54.6439,5563.3985,2419.0,0.0988,0
577,3.2624,102.6087,48.9421,6862.6666,2577.0,0.1584,0
578,3.5546,102.6651,41.427,2598.8128,1299.0,0.4392,0
579,3.5503,102.6857,31.2103,1762.6704,1455.0,0.6419,0
580,3.2051,102.3058,67.8533,6130.612,1338.0,0.0256,0
581,3.2009,102.3115,61.2026,6574.5728,1426.0,0.0493,0
582,3.4723,102.4998,44.9776,6310.7786,4337.0,0.2273,0
583,3.2483,102.1336,254.0324,2931.659,363.0,0.0,0
584,3.6981,102.5417,81.8797,12134.7249,1767.0,0.0045,0
585,3.5982,102.3856,54.548,1890.3706,1237.0,0.1157,0
586,3.5677,102.5102,64.6713,6993.8176,1687.0,0.034,0
587,3.4864,102.3298,45.0889,2169.2025,22014.0,0.3035,0
588,3.4884,102.3308,37.1591,1974.521,22098.0,0.5557,0
589,3.5485,102.394,43.9931,419.2666,1670.0,0.4123,0
590,3.5696,102.3782,39.0649,2356.0385,2074.0,0.4923,0
591,3.4995,102.2946,38.4544,1553.3581,4152.0,0.5229,1
592,3.4993,102.2926,39.3354,1514.38,4055.0,0.4944,0
593,3.5062,102.26,40.3972,598.1897,1464.0,0.6851,0
594,3.5681,102.6553,23.0955,4209.402,907.0,0.8868,0
595,3.6723,102.3765,54.4181,1475.4457,958.0,0.1193,0
596,3.4421,102.3762,60.06,3979.3015,9154.0,0.0628,0
597,3.2569,102.5877,33.0448,4680.8973,2158.0,0.5297,0
598,3.4761,102.3202,70.6143,3450.9034,15738.0,0.0216,0
599,3.5037,102.4256,41.1765,597.4441,3167.0,0.3809,0
600,3.576,102.3841,38.0896,1400.1218,2116.0,0.4424,0
601,3.3317,102.6441,46.87,7893.342,702.0,0.1827,0
602,3.2667,102.6119,51.2865,7140.8701,2502.0,0.1275,0
603,3.4713,102.3931,37.5996,949.3695,14918.0,0.5076,0
604,3.4681,102.3939,36.8439,849.6686,17299.0,0.5861,0
605,3.4628,102.4,30.1138,486.2946,22554.0,0.7493,0
606,3.3462,102.6498,61.8273,8920.5571,513.0,0.0417,0
607,3.5409,102.6895,30.4835,716.919,1221.0,0.714,0
608,3.5356,102.6617,22.3367,558.0495,1111.0,0.8277,0
609,3.3534,102.6125,57.7486,5224.9621,1144.0,0.0742,0
610,3.3721,102.63,53.7621,6173.5624,1090.0,0.1043,0
611,3.3708,102.6291,51.0423,6299.2142,1089.0,0.1339,0
612,3.3688,102.6277,38.8701,6474.4493,1087.0,0.3582,0
613,3.4398,102.3771,54.9619,4097.9661,7809.0,0.1019,0
614,3.4375,102.3934,56.5399,3094.4393,14806.0,0.091,0
615,3.5686,102.3727,41.7027,2907.9569,1833.0,0.4839,0
616,3.3544,102.4328,38.8151,188.9428,1505.0,0.5155,0
617,3.4995,102.1762,62.4937,1111.3127,1961.0,0.0551,0
618,3.2537,102.2445,67.4734,7693.913,1034.0,0.0248,0
619,3.6474,102.545,55.4581,11526.1154,867.0,0.0708,0
620,3.6753,102.3753,42.3494,1408.9404,963.0,0.3281,0
621,3.431,102.3929,53.4334,3313.2464,8226.0,0.1211,0
622,3.2052,102.4181,41.7699,4502.7584,1472.0,0.3102,0
623,3.5364,102.6484,30.6413,986.2184,1424.0,0.6762,0
624,3.5611,102.6431,22.0808,3567.2147,996.0,0.8883,0
625,3.2995,102.5801,44.2451,2229.6652,395.0,0.2777,0
626,3.4724,102.3782,37.6675,1304.1748,12135.0,0.4663,0
627,3.4811,102.3918,28.0,1101.6454,9698.0,0.7405,0
628,3.4356,102.4152,33.475,1543.3229,22152.0,0.5606,0
629,3.2467,102.4143,39.9641,2660.4788,13397.0,0.3755,0
630,3.3294,102.4516,28.7254,42.2494,2260.0,0.7733,0
631,3.4254,102.4723,49.6714,3378.9981,1512.0,0.1759,0
632,3.4593,102.465,35.7102,2746.032,7591.0,0.4893,0
633,3.3745,102.6322,54.2975,5977.5981,1100.0,0.1,0
634,3.497,102.1893,54.6191,500.7512,1849.0,0.1299,0
635,3.642,102.5445,59.5426,11522.4328,875.0,0.0469,0
636,3.5836,102.6918,46.4005,5436.8412,963.0,0.2085,0
637,3.2588,102.433,37.9556,5107.2896,18099.0,0.3971,0
638,3.2462,102.4228,39.0939,3534.2254,15298.0,0.3846,0
639,3.4539,102.4086,35.0995,630.1711,27209.0,0.5503,0
640,3.5444,102.6617,23.7472,1517.5815,1133.0,0.8276,0
641,3.2227,102.5478,30.0964,4930.42,604.0,0.8565,1
642,3.4935,102.2103,50.852,1082.4353,1601.0,0.1696,0
643,3.6874,102.6111,41.2156,11401.8511,1308.0,0.2571,0
644,3.6719,102.6191,46.8368,12861.2866,1034.0,0.1511,0
645,3.3083,102.3444,68.8711,8047.0726,490.0,0.021,0
646,3.3096,102.4087,40.8634,4911.3493,1397.0,0.327,0
647,3.5686,102.4952,50.3004,5343.9385,943.0,0.1494,0
648,3.4451,102.4128,36.8741,1231.6998,26770.0,0.4694,0
649,3.4764,102.3973,36.801,896.6766,11452.0,0.5989,1
650,3.2793,102.5319,38.9998,1754.5387,749.0,0.4097,0
651,3.4938,102.206,52.125,748.5992,1646.0,0.1686,0
652,3.4951,102.1985,61.1693,646.2375,1838.0,0.079,0
653,3.4937,102.4027,49.6766,2226.2428,3811.0,0.1807,0
654,3.6844,102.3754,52.562,763.2767,1806.0,0.1477,0
655,3.5233,102.4199,46.7413,1160.0148,2120.0,0.2636,0
656,3.5228,102.4156,47.6072,1616.9508,2261.0,0.2578,0
657,3.6719,102.6155,49.8476,12934.5754,1022.0,0.1141,0
658,3.2611,102.5916,47.3865,5006.7675,2320.0,0.1948,0
659,3.6201,102.3848,36.3429,1804.3781,848.0,0.4976,0
660,3.542,102.6563,29.4327,1412.8354,1250.0,0.6749,0
661,3.5203,102.1637,52.5038,126.7359,1992.0,0.1791,0
662,3.5233,102.1732,63.762,1079.116,2077.0,0.0488,0
663,3.4676,102.3901,35.6455,1267.394,16611.0,0.5719,0
664,3.2541,102.4284,48.7205,4409.6128,17549.0,0.1776,0
665,3.4745,102.3401,58.1296,1350.8917,27590.0,0.0844,0
666,3.4702,102.3314,55.4588,2112.3206,23051.0,0.1106,0
667,3.4377,102.4088,31.9316,1957.095,24948.0,0.6459,0
668,3.501,102.1863,49.2963,850.1791,1907.0,0.2127,0
669,3.4933,102.168,68.4309,1250.7215,1368.0,0.0299,0
670,3.4684,102.1131,66.9642,1498.4095,1551.0,0.0347,0
671,3.612,102.6306,31.8158,9238.0524,728.0,0.5093,0
672,3.4302,102.4124,42.0874,1545.6384,17573.0,0.4317,0
673,3.4163,102.6025,49.4849,1796.64,552.0,0.1982,0
674,3.4265,102.6066,38.6881,804.3657,678.0,0.5236,0
675,3.5148,102.1393,84.2858,2391.4423,880.0,0.0055,0
676,3.4955,102.2203,45.9094,1978.8026,1447.0,0.3196,0
677,3.6509,102.6405,49.0882,13531.0514,1250.0,0.1196,0
678,3.4968,102.2366,50.8549,723.1321,1372.0,0.1942,0
679,3.4998,102.2399,46.1577,868.3535,1386.0,0.2624,0
680,3.3452,102.6344,54.8378,7292.4049,614.0,0.0898,0
681,3.3176,102.6351,54.3238,6753.4068,798.0,0.0965,0
682,3.3791,102.5305,47.4226,935.2075,1262.0,0.2647,0
683,3.3669,102.5239,31.5937,507.8629,1118.0,0.6242,0
684,3.3194,102.4547,33.9064,149.375,2274.0,0.6504,0
685,3.5375,102.618,69.0973,1364.9755,828.0,0.0291,0
686,3.5337,102.6141,119.9046,1189.6304,726.0,0.0001,0
687,3.4744,102.3618,43.3322,1501.0825,21083.0,0.3981,0
688,3.5405,102.6231,93.614,1506.9639,907.0,0.0023,0
689,3.657,102.6303,39.2313,14214.5609,1225.0,0.2726,0
690,3.6122,102.3876,132.8196,1374.0428,948.0,0.0,0
691,3.271,102.559,43.1928,1407.9667,1343.0,0.3246,0
692,3.6204,102.4887,40.1675,6465.5361,586.0,0.3284,0
693,3.4715,102.3649,35.3933,1703.0062,20290.0,0.611,0
694,3.5284,102.2626,46.9706,1875.9885,368.0,0.2264,0
695,3.5289,102.2853,58.0931,1604.4807,625.0,0.0845,0
696,3.5233,102.25,77.5342,1656.2077,397.0,0.0114,0
697,3.2523,102.6026,62.2347,6398.9,2154.0,0.045,0
698,3.4742,102.3456,43.0229,903.1233,28172.0,0.3223,0
699,3.5766,102.3793,34.2705,1847.4231,2057.0,0.6596,1
700,3.5727,102.3826,41.2113,1759.3558,2136.0,0.3599,0
701,3.2655,102.2471,59.7254,8966.5671,845.0,0.0515,0
702,3.5047,102.1146,71.0505,2060.0986,725.0,0.0221,0
703,3.507,102.1185,88.5946,2510.8607,738.0,0.0034,0
704,3.5086,102.1216,94.5848,2869.1242,752.0,0.0018,0
705,3.5118,102.1301,104.1607,3033.4504,759.0,0.0006,0
706,3.5167,102.1447,61.0061,1974.4919,1019.0,0.0616,0
707,3.5176,102.148,71.0654,1605.88,1166.0,0.0224,0
708,3.5194,102.1563,64.5653,667.9574,1773.0,0.0458,0
709,3.5229,102.1678,60.6789,481.67,2006.0,0.0726,0
710,3.5272,102.1744,62.6293,1337.5781,1986.0,0.0544,0
711,3.5304,102.1823,69.4798,2104.6365,1866.0,0.0258,0
712,3.5311,102.1917,50.8105,1430.4185,1464.0,0.1671,0
713,3.5309,102.1867,62.9372,1732.0484,1757.0,0.0515,0
714,3.5315,102.1965,53.1238,1322.817,1049.0,0.1351,0
715,3.5309,102.2071,59.8792,1347.8763,607.0,0.0708,0
716,3.5305,102.2097,61.8278,1416.6284,590.0,0.0581,0
717,3.5301,102.2115,49.4765,1466.4588,579.0,0.1948,0
718,3.529,102.2342,53.9261,2308.4554,439.0,0.1207,0
719,3.5296,102.244,72.1505,2441.8256,381.0,0.0196,0
720,3.5309,102.2495,59.9227,2377.9516,331.0,0.0685,0
721,3.5325,102.2616,51.2555,2307.0979,323.0,0.1552,0
722,3.5323,102.2552,49.4845,2343.3628,301.0,0.1805,0
723,3.532,102.2717,54.9731,2623.2783,432.0,0.1078,0
724,3.5316,102.2747,54.0695,2527.1236,459.0,0.1179,0
725,3.5265,102.3074,43.0222,671.2864,737.0,0.3947,0
726,3.5289,102.2924,43.8332,1404.293,678.0,0.3333,0
727,3.5246,102.3169,39.0865,295.7165,764.0,0.5266,1
728,3.5226,102.3244,42.6357,472.3164,900.0,0.4958,0
729,3.5139,102.3332,46.7538,888.1599,1599.0,0.2532,0
730,3.5082,102.3502,51.7528,1411.9128,3707.0,0.1705,0
731,3.5082,102.3478,52.0233,1464.9535,3847.0,0.1654,0
732,3.5079,102.3559,50.951,1454.8684,3252.0,0.1661,0
733,3.5057,102.3749,42.462,1990.7065,1378.0,0.3609,0
734,3.5057,102.3924,43.8323,2074.9876,2873.0,0.4791,0
735,3.5066,102.3965,47.8519,2402.6208,3012.0,0.2957,0
736,3.5076,102.4007,44.7499,2809.4114,3128.0,0.276,0
737,3.5091,102.4062,38.9296,2661.8054,3286.0,0.4116,0
738,3.5104,102.4166,37.8961,1493.9039,3270.0,0.6326,0
739,3.5102,102.4104,35.1902,2171.4369,3311.0,0.6157,0
740,3.5107,102.4146,34.9572,1723.8039,3294.0,0.7031,0
741,3.5109,102.4211,39.6698,1014.3325,3082.0,0.3992,0
742,3.5115,102.4508,33.7896,2045.311,1723.0,0.5837,0
743,3.5111,102.4272,44.3891,349.6439,2708.0,0.3145,0
744,3.5117,102.4335,39.4055,119.4883,2354.0,0.4646,0
745,3.5112,102.4472,37.6972,1626.5895,1881.0,0.5041,0
746,3.511,102.4566,42.8896,2666.8266,1443.0,0.3041,0
747,3.5293,102.4804,40.2956,4909.3481,646.0,0.3415,0
748,3.5397,102.4941,40.5455,5706.1878,1645.0,0.3314,0
749,3.5448,102.5033,43.7578,6454.8159,2318.0,0.2504,0
750,3.5428,102.4989,41.2261,6066.3611,2037.0,0.309,0
751,3.5466,102.5072,44.2845,6831.9668,2494.0,0.2361,0
752,3.5485,102.5276,57.6479,6051.616,2078.0,0.0723,0
753,3.5475,102.5124,44.8369,7336.3022,2611.0,0.2216,0
754,3.5486,102.5296,37.1882,5865.5498,1925.0,0.4092,0
755,3.5524,102.5428,41.1669,4876.4619,881.0,0.3213,0
756,3.5533,102.5441,43.8562,4842.5815,805.0,0.2627,0
757,3.5552,102.5465,43.8432,4795.918,714.0,0.2634,0
758,3.5562,102.5477,50.9055,4780.3551,687.0,0.1446,0
759,3.5705,102.5595,41.2016,5358.9394,704.0,0.3177,0
760,3.5818,102.582,41.7383,5413.1625,702.0,0.3029,1
761,3.5853,102.6015,42.5263,5795.0364,656.0,0.2838,0
762,3.5866,102.6188,41.4061,6545.7503,616.0,0.2983,0
763,3.5866,102.6439,22.7012,6404.1573,677.0,0.8091,0
764,3.5842,102.6571,30.8321,5935.605,668.0,0.5987,0
765,3.5839,102.6665,28.4894,5848.7588,700.0,0.6378,0
766,3.584,102.6801,31.4398,5535.4015,870.0,0.5997,0
767,3.5835,102.6952,47.3741,5452.5736,984.0,0.1931,0
768,3.6517,102.6954,37.3588,11795.4172,908.0,0.3469,0
769,3.3487,102.4351,33.7478,668.0155,1936.0,0.5598,0
770,3.3444,102.4381,41.0506,882.1871,2287.0,0.3671,0
771,3.4965,102.6031,24.8812,181.7062,1832.0,0.8677,0
772,3.3173,102.4499,30.5838,633.745,2220.0,0.7027,0
773,3.5205,102.3263,38.4611,456.9529,1009.0,0.6103,1
774,3.3537,102.4349,42.6127,160.879,1508.0,0.4223,0
775,3.521,102.6797,57.5964,836.4142,608.0,0.1056,0
776,3.4776,102.3459,49.4853,1231.6792,26058.0,0.1876,0
777,3.5001,102.2524,65.5051,456.9578,1309.0,0.0844,0
778,3.5141,102.4618,50.3722,3264.8109,1017.0,0.1611,0
779,3.3117,102.4577,31.2091,820.3424,2851.0,0.7464,0
780,3.4622,102.3494,51.6456,574.6157,26666.0,0.1608,0
781,3.5872,102.5986,48.9745,5954.2069,675.0,0.1649,0
782,3.5306,102.1845,66.8919,1912.7277,1827.0,0.034,0
783,3.6922,102.3725,52.6523,913.8218,3026.0,0.1467,0
784,3.5135,102.1459,71.8301,1715.4987,1009.0,0.0208,0
785,3.4947,102.1117,53.907,971.6552,1171.0,0.1275,0
786,3.5011,102.1013,59.7236,1449.0349,955.0,0.0716,0
787,3.4367,102.6107,24.9144,369.5115,913.0,0.8136,0
788,3.5066,102.1071,60.7562,2009.4442,703.0,0.063,0
789,3.2046,102.3084,67.0763,6360.9211,1359.0,0.0273,0
790,3.511,102.697,27.5924,179.2325,629.0,0.8002,0
791,3.4137,102.6034,44.791,1905.3633,513.0,0.2727,0
792,3.363,102.5229,34.5909,418.2409,1087.0,0.5544,0
